{
  "parent": "item/generated",
  "textures": {
    "layer0": "wpm/homing_launcher"
  },
  "display": {
    "thirdperson_righthand": {
      "rotation": [0,90,90],
      "translation": [0,4,12],
      "scale": [2,2,2]
    },
    "thirdperson_lefthand": {
        "rotation": [0,-90,-90],
        "translation": [0,4,12],
        "scale": [2,2,2]
    },
    "firstperson_righthand": {
        "rotation": [0,90,0],
        "translation": [1.13,10,10],
        "scale": [2,2,2]
    },
    "firstperson_lefthand": {
        "rotation": [0,-90,0],
        "translation": [1.13,10,10],
        "scale": [2,2,2]
    },
    "ground": {
      "rotation": [0,0,0],
      "translation": [1.13,3.2,1.13],
      "scale": [2,2,2]
    }
  }
}